candidate_id,rank,pixel_count,centroid_longitude,centroid_latitude,max_anomaly_score,mean_anomaly_score,anomaly_percentile,max_mineralization_score,mean_mineralization_score,mineralization_percentile,area_m2,density_pixels_per_m2,strength_percentile,density_percentile,rank_score
CAND_0001,1,7,80.0796561377208,13.218228536773722,0.1885372535754702,0.16795249284645117,99.99401378824108,72.50801487241056,56.893592393773645,98.33583313102154,114800.00000045638,6.097560975585516e-05,96.22641509433963,63.20754716981132,88.8154653278803
CAND_0002,2,10,80.26132406007133,13.225760678630042,0.1861293386347801,0.165761296215649,99.98836014380213,80.20618619557398,63.213477456924224,99.94944976736916,164000.00000065195,6.097560975585516e-05,94.33962264150944,63.20754716981132,88.8005346239288
CAND_0003,3,14,80.16431299410921,12.982909838746844,0.1935098055497023,0.15267220622088742,99.99900229804018,75.82380250822273,65.69966720305025,99.43862636394172,229600.00000091275,6.097560975585516e-05,86.79245283018868,63.20754716981132,85.95469582859556
CAND_0004,4,10,80.08913187160881,13.221986283121543,0.1794537832133006,0.16542543358161094,99.97771798956404,65.94311380564545,48.09978571579019,94.45078169948552,164000.00000065195,6.097560975585516e-05,92.45283018867924,63.20754716981132,85.94069003828477
CAND_0005,5,8,80.25762960287236,13.186960277202317,0.1816722711726216,0.14409001161380425,99.98204136472324,79.03843147949223,67.93745247058719,99.89224818833952,131200.00000052157,6.097560975585516e-05,83.01886792452831,63.20754716981132,84.81538984137356
CAND_0006,6,5,80.1892143554575,13.012363220392137,0.1868742196888447,0.18366796720287062,99.98952412942192,55.90980441715913,52.58310691041635,84.35669840467457,82000.00000032598,6.097560975585516e-05,100.0,63.20754716981132,84.54456615432267
CAND_0007,7,7,80.08701702180879,13.138844223511011,0.1803210682648366,0.15088906291724571,99.9790482588438,70.57007304286904,61.748429925927745,97.51638725469004,114800.00000045638,6.097560975585516e-05,84.90566037735849,63.20754716981132,84.52542282640431
CAND_0008,8,11,80.07897472735345,13.135094412488032,0.1799355142210624,0.139891157608146,99.97838312420392,76.52559438094256,63.97876537506588,99.58429085007532,180400.00000071715,6.097560975585516e-05,81.13207547169812,63.20754716981132,84.0318295475773
CAND_0009,9,5,80.31063368244627,13.18067945887196,0.1867811073932228,0.15840180561276912,99.989025278442,63.784948668234165,53.66603257164331,92.56046905294804,82000.00000032598,6.097560975585516e-05,88.67924528301887,63.20754716981132,83.86381026268865
CAND_0010,10,5,80.26495064000935,13.058558431118588,0.1943694895621083,0.1730151867747663,99.99933486536013,50.952943941344,47.494447788593604,78.24145052562265,82000.00000032598,6.097560975585516e-05,98.11320754716981,63.20754716981132,81.43808964421132
CAND_0011,11,5,80.3230854879105,13.216229643057597,0.1814425654869009,0.16410842216524832,99.98170879740331,55.49123241688865,54.07881124920044,83.87680376200153,82000.00000032598,6.097560975585516e-05,90.56603773584906,63.20754716981132,81.0507215048006
CAND_0012,12,15,80.2252808832323,12.90926203804879,0.1806331686585269,0.13151333474293672,99.98004596080362,66.0303850131863,49.734781811819374,94.52560934647197,246000.00000097795,6.097560975585516e-05,75.47169811320755,63.20754716981132,80.02722487066427
CAND_0013,13,5,80.19410604946445,13.045200510817569,0.1842478887247595,0.12510773181636256,99.98503447060271,78.62238699085329,61.931889104318614,99.86131942758512,82000.00000032598,6.097560975585516e-05,66.0377358490566,63.20754716981132,78.85962211065669
CAND_0014,14,7,80.08547405232696,13.135545022257867,0.176550870191541,0.12498555797267484,99.97006894120544,76.44670109846986,64.44166420804399,99.5656670801587,114800.00000045638,6.097560975585516e-05,64.15094339622641,63.20754716981132,78.08098381319556
CAND_0015,15,7,80.21778412442491,13.009911418261977,0.1751966640984522,0.13229481376874058,99.9680735372858,56.41598850647342,48.11814842036065,84.90776245381471,114800.00000045638,6.097560975585516e-05,77.35849056603774,63.20754716981132,76.84046347209193
CAND_0016,16,5,80.2919302217226,13.08047927723771,0.1453233896775007,0.11506811736412348,99.90355547721748,73.66114494059792,71.4770173810767,98.80109481161723,82000.00000032598,6.097560975585516e-05,56.60377358490566,63.20754716981132,75.1336454718167
CAND_0017,17,11,80.33312080188226,13.236919453664234,0.1515579926580178,0.11501306436192849,99.91918614125464,76.76276199376325,71.15739675573526,99.62386636114816,180400.00000071715,6.097560975585516e-05,54.71698113207547,63.20754716981132,74.80237673313852
CAND_0018,18,5,80.0948131750408,13.127567193805083,0.1417862114210962,0.12740697981092225,99.89823440009845,58.37447745359856,55.67910690154788,87.01524156027284,82000.00000032598,6.097560975585516e-05,67.9245283018868,63.20754716981132,74.38156832222234
CAND_0019,19,5,80.12505387320708,12.922623066497971,0.1325411655667262,0.12799611865200405,99.86397996614464,55.27150241721013,49.47419499308815,83.62405259884731,82000.00000032598,6.097560975585516e-05,69.81132075471697,63.20754716981132,73.6854700961427
CAND_0020,20,10,80.14829644118797,12.97556757909922,0.1909150457419205,0.12818957999227426,99.99700689412056,52.03579699203946,47.67925711112073,79.68878350200039,164000.00000065195,6.097560975585516e-05,71.69811320754717,63.20754716981132,72.77173981589449
CAND_0021,21,5,80.15778307045545,12.904303287989787,0.1782464555772007,0.13043840072488966,99.97306204708488,48.61463817229869,46.785692510473105,74.96266931833676,82000.00000032598,6.097560975585516e-05,73.58490566037736,63.20754716981132,71.54167150091962
CAND_0022,22,7,80.08534192401278,13.213728172838753,0.1474830522509305,0.10874572919998779,99.90987425629632,68.03774195658224,66.08150971627099,96.0424488927171,114800.00000045638,6.097560975585516e-05,49.056603773584904,63.20754716981132,71.38867767029438
CAND_0023,23,5,80.15990358043078,12.981220306700601,0.1716107357839258,0.10668356069075631,99.96208732552688,72.94437368150915,70.07269367335016,98.515419483789,82000.00000032598,6.097560975585516e-05,45.28301886792453,63.20754716981132,71.05711118974202
CAND_0024,24,10,80.27784659090405,13.016495014804372,0.1283194125980445,0.09147231305201584,99.84568876354795,77.38109055475554,71.49494774813125,99.71898061465092,164000.00000065195,6.097560975585516e-05,30.18867924528302,63.20754716981132,66.25551677416226
CAND_0025,25,5,80.14588538608135,13.046980853649263,0.1709128064491747,0.11735851110212765,99.96042448892716,47.481994251019614,45.33056471039484,73.28386948728097,82000.00000032598,6.097560975585516e-05,60.37735849056604,63.20754716981132,66.24751005906333
CAND_0026,26,9,80.21815034513534,13.107560894831014,0.1258421534681054,0.09975556333250124,99.83172093611049,61.08691591478738,50.55177537368557,89.67212187927142,147600.00000058676,6.097560975585516e-05,39.62264150943396,63.20754716981132,65.53866007246329
CAND_0027,27,130,80.28455614823864,13.055087003799482,0.1275139486691039,0.08645249319670013,99.84136538838877,78.93257530155542,72.56525917354973,99.88393400534105,2132000.0000084755,6.097560975585516e-05,24.528301886792452,63.20754716981132,64.34036605496661
CAND_0028,28,11,80.2732019647931,13.000201416815228,0.1725265834569991,0.08276582879848014,99.96441529676645,78.13073332202605,71.80910348618228,99.81243203155398,180400.00000071715,6.097560975585516e-05,22.641509433962266,63.20754716981132,63.65138790696122
CAND_0029,29,5,80.17365307290648,12.988841449679299,0.1516966203935298,0.10735965118233363,99.91985127589452,50.45496872204356,49.22383776035864,77.56434346222534,82000.00000032598,6.097560975585516e-05,47.16981132075472,63.20754716981132,63.337058139607116
CAND_0030,30,6,80.13653023660046,12.939530310295366,0.1568574799279787,0.11623730835886703,99.93381910333198,72.30170950688027,67.25476993916605,98.2610054840351,98400.00000039118,6.0975609755855154e-05,58.490566037735846,13.20754716981132,63.07798709927441
CAND_0031,31,5,80.2240147592818,12.994729286773369,0.1046675337328079,0.08271254696222569,99.6970311715349,74.05961878916673,64.63698669619865,98.9381125474324,82000.00000032598,6.097560975585516e-05,20.754716981132077,63.20754716981132,62.64128275482202
CAND_0032,32,12,80.09018763446413,13.136503570407456,0.1384365743103326,0.122054113699469,99.88958764978,64.58932093078943,47.51138119272684,93.31705970581096,196800.00000078237,6.0975609755855154e-05,62.264150943396224,13.20754716981132,62.42116350496589
CAND_0033,33,5,80.10948051705438,13.229860847909766,0.1153536373518228,0.07848271383388257,99.77418678976092,73.80047124789235,71.84202498023997,98.84865193836862,82000.00000032598,6.097560975585516e-05,16.9811320754717,63.20754716981132,61.28474379421537
CAND_0034,34,5,80.28819328618458,13.071264214330123,0.1078756633195454,0.1038600540429739,99.72596452836966,49.242960381255166,48.81606144957226,75.89286011220821,82000.00000032598,6.097560975585516e-05,41.509433962264154,63.20754716981132,60.68733272412857
CAND_0035,35,6,80.17716236217643,12.922557349050592,0.1616470945471648,0.13336191769989866,99.94279842097036,47.01999450155365,45.54667785570939,72.53925125793589,98400.00000039118,6.0975609755855154e-05,79.24528301886792,13.20754716981132,60.05343635223096
CAND_0036,36,5,80.25458658905538,13.137410804049026,0.1054072649701859,0.09487304191164245,99.7030173832938,51.745571034716704,47.609290489794056,79.29269582395216,82000.00000032598,6.097560975585516e-05,32.075471698113205,63.20754716981132,58.74538021637332
CAND_0037,37,6,80.28031864790874,13.032226017959845,0.133828538541569,0.104519995674843,99.86896847594376,72.22718948466478,64.08359412154006,98.23207212720035,98400.00000039118,6.0975609755855154e-05,43.39622641509434,13.20754716981132,57.78339488861599
CAND_0038,38,7,80.22196449579575,13.168079757964653,0.1322070845179026,0.09835232631007032,99.86264969686488,46.5978806593258,45.52794309804829,71.88509133961443,114800.00000045638,6.097560975585516e-05,37.735849056603776,63.20754716981132,57.763470498109925
CAND_0039,39,5,80.29158656932705,13.213124333850294,0.0932603481152856,0.074885003504636,99.6032471873119,66.16782400094006,56.19150334839863,94.63036805225298,82000.00000032598,6.097560975585516e-05,11.320754716981133,63.20754716981132,57.61629816429742
CAND_0040,40,5,80.28109135693263,13.039290002685032,0.0882430580662072,0.07143605327927484,99.5497038488016,75.63937730095014,73.17684211809909,99.39772058358912,82000.00000032598,6.097560975585516e-05,5.660377358490567,63.20754716981132,57.54210710136017
CAND_0041,41,5,80.10250048135916,12.914210024978408,0.0846956630101829,0.07061278666059957,99.50746779916923,77.96231845981423,68.11821493382465,99.7924779923576,82000.00000032598,6.097560975585516e-05,3.7735849056603774,63.20754716981132,57.039632706377006
CAND_0042,42,5,80.11263905139235,13.157647509226482,0.0812476925001853,0.06695545217724504,99.46090837437768,75.67222109518852,52.77588122025601,99.404039362668,82000.00000032598,6.097560975585516e-05,1.8867924528301887,63.20754716981132,56.2238798960106
CAND_0043,43,5,80.14370679118971,13.244426376449024,0.0991848171169229,0.0719951378464452,99.65978363170164,64.63698891331411,61.5914565672623,93.36062602472306,82000.00000032598,6.097560975585516e-05,7.547169811320755,63.20754716981132,55.787646636304316
CAND_0044,44,12,80.09405402043687,12.897643504455182,0.1989718454462661,0.11386382581039561,100.0,54.05734624581381,48.86145046834716,82.25088213481614,196800.00000078237,6.0975609755855154e-05,52.83018867924528,13.20754716981132,54.69280568411513
CAND_0045,45,6,80.12970901362692,13.018924670689957,0.1277726857812221,0.09570798710216992,99.84236309034856,64.91476576729379,51.00922726505136,93.60340016827908,98400.00000039118,6.0975609755855154e-05,33.9622641509434,13.20754716981132,52.630039312594654
CAND_0046,46,6,80.28158743791316,13.240843079864979,0.1560121498503148,0.08807973704874748,99.9288305935329,71.88181555151301,59.71342258331643,98.08141913126764,98400.00000039118,6.0975609755855154e-05,28.30188679245283,13.20754716981132,52.44011482231838
CAND_0047,47,6,80.23892712100856,13.102408908349751,0.146286884783328,0.08672193480028716,99.906216015777,73.90286041151882,67.79330128123408,98.8835715069623,98400.00000039118,6.0975609755855154e-05,26.41509433962264,13.20754716981132,52.100598414105676
CAND_0048,48,6,80.19095042909014,12.929818916610929,0.1226441727315349,0.11040304309962325,99.81376230083374,48.099616106457006,47.21656257309553,74.19543651123578,98400.00000039118,6.0975609755855154e-05,50.943396226415096,13.20754716981132,50.81025007619243
CAND_0049,49,13,80.33749502758309,13.24955170140266,0.1098359407329472,0.07934033829942438,99.74093005776696,77.63944547725075,73.43374052364344,99.74591856756604,213200.00000084756,6.0975609755855154e-05,18.867924528301888,13.20754716981132,49.8040278043849
CAND_0050,50,5,80.19642347830434,13.200564403297822,0.089417447762726,0.07325707230476589,99.56300654159918,47.696159290877794,46.155296189997934,73.60313411442311,82000.00000032598,6.097560975585516e-05,9.433962264150944,63.20754716981132,48.545027230674904
CAND_0051,51,6,80.16773533843784,13.191702296829694,0.0962869968490657,0.07524399601900143,99.6335108134264,74.49507412371283,56.58536735201401,99.078455956447,98400.00000039118,6.0975609755855154e-05,13.20754716981132,13.20754716981132,47.5559106844656
CAND_0052,52,6,80.24695374442116,13.046266839216399,0.1338649021677369,0.09591181459875263,99.86930104326368,50.3243085648279,47.61117864075302,77.38608737873764,98400.00000039118,6.0975609755855154e-05,35.84905660377358,13.20754716981132,46.80349155526864
CAND_0053,53,6,80.14705368141234,13.034383474729088,0.0990160427830999,0.07581800708430356,99.65812079510196,47.20004921996334,44.69571614492397,72.84222008640099,98400.00000039118,6.0975609755855154e-05,15.09433962264151,13.20754716981132,37.72179369493776
