candidate_id,manganese_prospectivity_score,geological_belt_context,limitation
CAND_0001,41.84905212771029,Chennai (tile 44PMV) is not a documented manganese belt; these are spectral-anomaly exploration targets only and require independent geological and ground-truth validation.,"Diagnostic only. Derived from generic iron-oxide/clay/hydroxyl alteration indices (FE_OXIDE_ND, CLAY_MINERAL_ND, FERROUS_ND), NOT a manganese-specific spectral signature. Cannot distinguish manganese from other alteration sources (iron oxide, bauxite/laterite, exposed rock). No manganese ground-truth data exists in this project to validate this score. Not used in anomaly_score, mineralization_score, or rank_score."
CAND_0002,54.23962362247844,Chennai (tile 44PMV) is not a documented manganese belt; these are spectral-anomaly exploration targets only and require independent geological and ground-truth validation.,"Diagnostic only. Derived from generic iron-oxide/clay/hydroxyl alteration indices (FE_OXIDE_ND, CLAY_MINERAL_ND, FERROUS_ND), NOT a manganese-specific spectral signature. Cannot distinguish manganese from other alteration sources (iron oxide, bauxite/laterite, exposed rock). No manganese ground-truth data exists in this project to validate this score. Not used in anomaly_score, mineralization_score, or rank_score."
CAND_0003,62.40603587514536,Chennai (tile 44PMV) is not a documented manganese belt; these are spectral-anomaly exploration targets only and require independent geological and ground-truth validation.,"Diagnostic only. Derived from generic iron-oxide/clay/hydroxyl alteration indices (FE_OXIDE_ND, CLAY_MINERAL_ND, FERROUS_ND), NOT a manganese-specific spectral signature. Cannot distinguish manganese from other alteration sources (iron oxide, bauxite/laterite, exposed rock). No manganese ground-truth data exists in this project to validate this score. Not used in anomaly_score, mineralization_score, or rank_score."
CAND_0004,38.9761139065242,Chennai (tile 44PMV) is not a documented manganese belt; these are spectral-anomaly exploration targets only and require independent geological and ground-truth validation.,"Diagnostic only. Derived from generic iron-oxide/clay/hydroxyl alteration indices (FE_OXIDE_ND, CLAY_MINERAL_ND, FERROUS_ND), NOT a manganese-specific spectral signature. Cannot distinguish manganese from other alteration sources (iron oxide, bauxite/laterite, exposed rock). No manganese ground-truth data exists in this project to validate this score. Not used in anomaly_score, mineralization_score, or rank_score."
CAND_0005,62.85023495881154,Chennai (tile 44PMV) is not a documented manganese belt; these are spectral-anomaly exploration targets only and require independent geological and ground-truth validation.,"Diagnostic only. Derived from generic iron-oxide/clay/hydroxyl alteration indices (FE_OXIDE_ND, CLAY_MINERAL_ND, FERROUS_ND), NOT a manganese-specific spectral signature. Cannot distinguish manganese from other alteration sources (iron oxide, bauxite/laterite, exposed rock). No manganese ground-truth data exists in this project to validate this score. Not used in anomaly_score, mineralization_score, or rank_score."
CAND_0006,41.6240149078844,Chennai (tile 44PMV) is not a documented manganese belt; these are spectral-anomaly exploration targets only and require independent geological and ground-truth validation.,"Diagnostic only. Derived from generic iron-oxide/clay/hydroxyl alteration indices (FE_OXIDE_ND, CLAY_MINERAL_ND, FERROUS_ND), NOT a manganese-specific spectral signature. Cannot distinguish manganese from other alteration sources (iron oxide, bauxite/laterite, exposed rock). No manganese ground-truth data exists in this project to validate this score. Not used in anomaly_score, mineralization_score, or rank_score."
CAND_0007,58.359135014572,Chennai (tile 44PMV) is not a documented manganese belt; these are spectral-anomaly exploration targets only and require independent geological and ground-truth validation.,"Diagnostic only. Derived from generic iron-oxide/clay/hydroxyl alteration indices (FE_OXIDE_ND, CLAY_MINERAL_ND, FERROUS_ND), NOT a manganese-specific spectral signature. Cannot distinguish manganese from other alteration sources (iron oxide, bauxite/laterite, exposed rock). No manganese ground-truth data exists in this project to validate this score. Not used in anomaly_score, mineralization_score, or rank_score."
CAND_0008,39.7233926744288,Chennai (tile 44PMV) is not a documented manganese belt; these are spectral-anomaly exploration targets only and require independent geological and ground-truth validation.,"Diagnostic only. Derived from generic iron-oxide/clay/hydroxyl alteration indices (FE_OXIDE_ND, CLAY_MINERAL_ND, FERROUS_ND), NOT a manganese-specific spectral signature. Cannot distinguish manganese from other alteration sources (iron oxide, bauxite/laterite, exposed rock). No manganese ground-truth data exists in this project to validate this score. Not used in anomaly_score, mineralization_score, or rank_score."
CAND_0009,41.56370936720199,Chennai (tile 44PMV) is not a documented manganese belt; these are spectral-anomaly exploration targets only and require independent geological and ground-truth validation.,"Diagnostic only. Derived from generic iron-oxide/clay/hydroxyl alteration indices (FE_OXIDE_ND, CLAY_MINERAL_ND, FERROUS_ND), NOT a manganese-specific spectral signature. Cannot distinguish manganese from other alteration sources (iron oxide, bauxite/laterite, exposed rock). No manganese ground-truth data exists in this project to validate this score. Not used in anomaly_score, mineralization_score, or rank_score."
CAND_0010,37.98395473537064,Chennai (tile 44PMV) is not a documented manganese belt; these are spectral-anomaly exploration targets only and require independent geological and ground-truth validation.,"Diagnostic only. Derived from generic iron-oxide/clay/hydroxyl alteration indices (FE_OXIDE_ND, CLAY_MINERAL_ND, FERROUS_ND), NOT a manganese-specific spectral signature. Cannot distinguish manganese from other alteration sources (iron oxide, bauxite/laterite, exposed rock). No manganese ground-truth data exists in this project to validate this score. Not used in anomaly_score, mineralization_score, or rank_score."
CAND_0011,51.96696941378358,Chennai (tile 44PMV) is not a documented manganese belt; these are spectral-anomaly exploration targets only and require independent geological and ground-truth validation.,"Diagnostic only. Derived from generic iron-oxide/clay/hydroxyl alteration indices (FE_OXIDE_ND, CLAY_MINERAL_ND, FERROUS_ND), NOT a manganese-specific spectral signature. Cannot distinguish manganese from other alteration sources (iron oxide, bauxite/laterite, exposed rock). No manganese ground-truth data exists in this project to validate this score. Not used in anomaly_score, mineralization_score, or rank_score."
CAND_0012,41.46449345008664,Chennai (tile 44PMV) is not a documented manganese belt; these are spectral-anomaly exploration targets only and require independent geological and ground-truth validation.,"Diagnostic only. Derived from generic iron-oxide/clay/hydroxyl alteration indices (FE_OXIDE_ND, CLAY_MINERAL_ND, FERROUS_ND), NOT a manganese-specific spectral signature. Cannot distinguish manganese from other alteration sources (iron oxide, bauxite/laterite, exposed rock). No manganese ground-truth data exists in this project to validate this score. Not used in anomaly_score, mineralization_score, or rank_score."
CAND_0013,59.120381609914055,Chennai (tile 44PMV) is not a documented manganese belt; these are spectral-anomaly exploration targets only and require independent geological and ground-truth validation.,"Diagnostic only. Derived from generic iron-oxide/clay/hydroxyl alteration indices (FE_OXIDE_ND, CLAY_MINERAL_ND, FERROUS_ND), NOT a manganese-specific spectral signature. Cannot distinguish manganese from other alteration sources (iron oxide, bauxite/laterite, exposed rock). No manganese ground-truth data exists in this project to validate this score. Not used in anomaly_score, mineralization_score, or rank_score."
CAND_0014,55.10917630834755,Chennai (tile 44PMV) is not a documented manganese belt; these are spectral-anomaly exploration targets only and require independent geological and ground-truth validation.,"Diagnostic only. Derived from generic iron-oxide/clay/hydroxyl alteration indices (FE_OXIDE_ND, CLAY_MINERAL_ND, FERROUS_ND), NOT a manganese-specific spectral signature. Cannot distinguish manganese from other alteration sources (iron oxide, bauxite/laterite, exposed rock). No manganese ground-truth data exists in this project to validate this score. Not used in anomaly_score, mineralization_score, or rank_score."
CAND_0015,44.86532686379041,Chennai (tile 44PMV) is not a documented manganese belt; these are spectral-anomaly exploration targets only and require independent geological and ground-truth validation.,"Diagnostic only. Derived from generic iron-oxide/clay/hydroxyl alteration indices (FE_OXIDE_ND, CLAY_MINERAL_ND, FERROUS_ND), NOT a manganese-specific spectral signature. Cannot distinguish manganese from other alteration sources (iron oxide, bauxite/laterite, exposed rock). No manganese ground-truth data exists in this project to validate this score. Not used in anomaly_score, mineralization_score, or rank_score."
CAND_0016,67.35042507646277,Chennai (tile 44PMV) is not a documented manganese belt; these are spectral-anomaly exploration targets only and require independent geological and ground-truth validation.,"Diagnostic only. Derived from generic iron-oxide/clay/hydroxyl alteration indices (FE_OXIDE_ND, CLAY_MINERAL_ND, FERROUS_ND), NOT a manganese-specific spectral signature. Cannot distinguish manganese from other alteration sources (iron oxide, bauxite/laterite, exposed rock). No manganese ground-truth data exists in this project to validate this score. Not used in anomaly_score, mineralization_score, or rank_score."
CAND_0017,78.87587811629436,Chennai (tile 44PMV) is not a documented manganese belt; these are spectral-anomaly exploration targets only and require independent geological and ground-truth validation.,"Diagnostic only. Derived from generic iron-oxide/clay/hydroxyl alteration indices (FE_OXIDE_ND, CLAY_MINERAL_ND, FERROUS_ND), NOT a manganese-specific spectral signature. Cannot distinguish manganese from other alteration sources (iron oxide, bauxite/laterite, exposed rock). No manganese ground-truth data exists in this project to validate this score. Not used in anomaly_score, mineralization_score, or rank_score."
CAND_0018,40.93305087282293,Chennai (tile 44PMV) is not a documented manganese belt; these are spectral-anomaly exploration targets only and require independent geological and ground-truth validation.,"Diagnostic only. Derived from generic iron-oxide/clay/hydroxyl alteration indices (FE_OXIDE_ND, CLAY_MINERAL_ND, FERROUS_ND), NOT a manganese-specific spectral signature. Cannot distinguish manganese from other alteration sources (iron oxide, bauxite/laterite, exposed rock). No manganese ground-truth data exists in this project to validate this score. Not used in anomaly_score, mineralization_score, or rank_score."
CAND_0019,35.42584691039417,Chennai (tile 44PMV) is not a documented manganese belt; these are spectral-anomaly exploration targets only and require independent geological and ground-truth validation.,"Diagnostic only. Derived from generic iron-oxide/clay/hydroxyl alteration indices (FE_OXIDE_ND, CLAY_MINERAL_ND, FERROUS_ND), NOT a manganese-specific spectral signature. Cannot distinguish manganese from other alteration sources (iron oxide, bauxite/laterite, exposed rock). No manganese ground-truth data exists in this project to validate this score. Not used in anomaly_score, mineralization_score, or rank_score."
CAND_0020,40.21376318767993,Chennai (tile 44PMV) is not a documented manganese belt; these are spectral-anomaly exploration targets only and require independent geological and ground-truth validation.,"Diagnostic only. Derived from generic iron-oxide/clay/hydroxyl alteration indices (FE_OXIDE_ND, CLAY_MINERAL_ND, FERROUS_ND), NOT a manganese-specific spectral signature. Cannot distinguish manganese from other alteration sources (iron oxide, bauxite/laterite, exposed rock). No manganese ground-truth data exists in this project to validate this score. Not used in anomaly_score, mineralization_score, or rank_score."
CAND_0021,38.53119426033148,Chennai (tile 44PMV) is not a documented manganese belt; these are spectral-anomaly exploration targets only and require independent geological and ground-truth validation.,"Diagnostic only. Derived from generic iron-oxide/clay/hydroxyl alteration indices (FE_OXIDE_ND, CLAY_MINERAL_ND, FERROUS_ND), NOT a manganese-specific spectral signature. Cannot distinguish manganese from other alteration sources (iron oxide, bauxite/laterite, exposed rock). No manganese ground-truth data exists in this project to validate this score. Not used in anomaly_score, mineralization_score, or rank_score."
CAND_0022,47.84967513715631,Chennai (tile 44PMV) is not a documented manganese belt; these are spectral-anomaly exploration targets only and require independent geological and ground-truth validation.,"Diagnostic only. Derived from generic iron-oxide/clay/hydroxyl alteration indices (FE_OXIDE_ND, CLAY_MINERAL_ND, FERROUS_ND), NOT a manganese-specific spectral signature. Cannot distinguish manganese from other alteration sources (iron oxide, bauxite/laterite, exposed rock). No manganese ground-truth data exists in this project to validate this score. Not used in anomaly_score, mineralization_score, or rank_score."
CAND_0023,60.226278804487,Chennai (tile 44PMV) is not a documented manganese belt; these are spectral-anomaly exploration targets only and require independent geological and ground-truth validation.,"Diagnostic only. Derived from generic iron-oxide/clay/hydroxyl alteration indices (FE_OXIDE_ND, CLAY_MINERAL_ND, FERROUS_ND), NOT a manganese-specific spectral signature. Cannot distinguish manganese from other alteration sources (iron oxide, bauxite/laterite, exposed rock). No manganese ground-truth data exists in this project to validate this score. Not used in anomaly_score, mineralization_score, or rank_score."
CAND_0024,78.84245510064042,Chennai (tile 44PMV) is not a documented manganese belt; these are spectral-anomaly exploration targets only and require independent geological and ground-truth validation.,"Diagnostic only. Derived from generic iron-oxide/clay/hydroxyl alteration indices (FE_OXIDE_ND, CLAY_MINERAL_ND, FERROUS_ND), NOT a manganese-specific spectral signature. Cannot distinguish manganese from other alteration sources (iron oxide, bauxite/laterite, exposed rock). No manganese ground-truth data exists in this project to validate this score. Not used in anomaly_score, mineralization_score, or rank_score."
CAND_0025,34.6184843133538,Chennai (tile 44PMV) is not a documented manganese belt; these are spectral-anomaly exploration targets only and require independent geological and ground-truth validation.,"Diagnostic only. Derived from generic iron-oxide/clay/hydroxyl alteration indices (FE_OXIDE_ND, CLAY_MINERAL_ND, FERROUS_ND), NOT a manganese-specific spectral signature. Cannot distinguish manganese from other alteration sources (iron oxide, bauxite/laterite, exposed rock). No manganese ground-truth data exists in this project to validate this score. Not used in anomaly_score, mineralization_score, or rank_score."
CAND_0026,37.22004760146906,Chennai (tile 44PMV) is not a documented manganese belt; these are spectral-anomaly exploration targets only and require independent geological and ground-truth validation.,"Diagnostic only. Derived from generic iron-oxide/clay/hydroxyl alteration indices (FE_OXIDE_ND, CLAY_MINERAL_ND, FERROUS_ND), NOT a manganese-specific spectral signature. Cannot distinguish manganese from other alteration sources (iron oxide, bauxite/laterite, exposed rock). No manganese ground-truth data exists in this project to validate this score. Not used in anomaly_score, mineralization_score, or rank_score."
CAND_0027,66.98892439968827,Chennai (tile 44PMV) is not a documented manganese belt; these are spectral-anomaly exploration targets only and require independent geological and ground-truth validation.,"Diagnostic only. Derived from generic iron-oxide/clay/hydroxyl alteration indices (FE_OXIDE_ND, CLAY_MINERAL_ND, FERROUS_ND), NOT a manganese-specific spectral signature. Cannot distinguish manganese from other alteration sources (iron oxide, bauxite/laterite, exposed rock). No manganese ground-truth data exists in this project to validate this score. Not used in anomaly_score, mineralization_score, or rank_score."
CAND_0028,39.197548313717405,Chennai (tile 44PMV) is not a documented manganese belt; these are spectral-anomaly exploration targets only and require independent geological and ground-truth validation.,"Diagnostic only. Derived from generic iron-oxide/clay/hydroxyl alteration indices (FE_OXIDE_ND, CLAY_MINERAL_ND, FERROUS_ND), NOT a manganese-specific spectral signature. Cannot distinguish manganese from other alteration sources (iron oxide, bauxite/laterite, exposed rock). No manganese ground-truth data exists in this project to validate this score. Not used in anomaly_score, mineralization_score, or rank_score."
CAND_0029,51.84646918819209,Chennai (tile 44PMV) is not a documented manganese belt; these are spectral-anomaly exploration targets only and require independent geological and ground-truth validation.,"Diagnostic only. Derived from generic iron-oxide/clay/hydroxyl alteration indices (FE_OXIDE_ND, CLAY_MINERAL_ND, FERROUS_ND), NOT a manganese-specific spectral signature. Cannot distinguish manganese from other alteration sources (iron oxide, bauxite/laterite, exposed rock). No manganese ground-truth data exists in this project to validate this score. Not used in anomaly_score, mineralization_score, or rank_score."
CAND_0030,69.11414042987651,Chennai (tile 44PMV) is not a documented manganese belt; these are spectral-anomaly exploration targets only and require independent geological and ground-truth validation.,"Diagnostic only. Derived from generic iron-oxide/clay/hydroxyl alteration indices (FE_OXIDE_ND, CLAY_MINERAL_ND, FERROUS_ND), NOT a manganese-specific spectral signature. Cannot distinguish manganese from other alteration sources (iron oxide, bauxite/laterite, exposed rock). No manganese ground-truth data exists in this project to validate this score. Not used in anomaly_score, mineralization_score, or rank_score."
CAND_0031,11.814786608179157,Chennai (tile 44PMV) is not a documented manganese belt; these are spectral-anomaly exploration targets only and require independent geological and ground-truth validation.,"Diagnostic only. Derived from generic iron-oxide/clay/hydroxyl alteration indices (FE_OXIDE_ND, CLAY_MINERAL_ND, FERROUS_ND), NOT a manganese-specific spectral signature. Cannot distinguish manganese from other alteration sources (iron oxide, bauxite/laterite, exposed rock). No manganese ground-truth data exists in this project to validate this score. Not used in anomaly_score, mineralization_score, or rank_score."
CAND_0032,46.74599505804963,Chennai (tile 44PMV) is not a documented manganese belt; these are spectral-anomaly exploration targets only and require independent geological and ground-truth validation.,"Diagnostic only. Derived from generic iron-oxide/clay/hydroxyl alteration indices (FE_OXIDE_ND, CLAY_MINERAL_ND, FERROUS_ND), NOT a manganese-specific spectral signature. Cannot distinguish manganese from other alteration sources (iron oxide, bauxite/laterite, exposed rock). No manganese ground-truth data exists in this project to validate this score. Not used in anomaly_score, mineralization_score, or rank_score."
CAND_0033,56.94239823162871,Chennai (tile 44PMV) is not a documented manganese belt; these are spectral-anomaly exploration targets only and require independent geological and ground-truth validation.,"Diagnostic only. Derived from generic iron-oxide/clay/hydroxyl alteration indices (FE_OXIDE_ND, CLAY_MINERAL_ND, FERROUS_ND), NOT a manganese-specific spectral signature. Cannot distinguish manganese from other alteration sources (iron oxide, bauxite/laterite, exposed rock). No manganese ground-truth data exists in this project to validate this score. Not used in anomaly_score, mineralization_score, or rank_score."
CAND_0034,51.70967316392353,Chennai (tile 44PMV) is not a documented manganese belt; these are spectral-anomaly exploration targets only and require independent geological and ground-truth validation.,"Diagnostic only. Derived from generic iron-oxide/clay/hydroxyl alteration indices (FE_OXIDE_ND, CLAY_MINERAL_ND, FERROUS_ND), NOT a manganese-specific spectral signature. Cannot distinguish manganese from other alteration sources (iron oxide, bauxite/laterite, exposed rock). No manganese ground-truth data exists in this project to validate this score. Not used in anomaly_score, mineralization_score, or rank_score."
CAND_0035,37.30806708547978,Chennai (tile 44PMV) is not a documented manganese belt; these are spectral-anomaly exploration targets only and require independent geological and ground-truth validation.,"Diagnostic only. Derived from generic iron-oxide/clay/hydroxyl alteration indices (FE_OXIDE_ND, CLAY_MINERAL_ND, FERROUS_ND), NOT a manganese-specific spectral signature. Cannot distinguish manganese from other alteration sources (iron oxide, bauxite/laterite, exposed rock). No manganese ground-truth data exists in this project to validate this score. Not used in anomaly_score, mineralization_score, or rank_score."
CAND_0036,42.65957411429009,Chennai (tile 44PMV) is not a documented manganese belt; these are spectral-anomaly exploration targets only and require independent geological and ground-truth validation.,"Diagnostic only. Derived from generic iron-oxide/clay/hydroxyl alteration indices (FE_OXIDE_ND, CLAY_MINERAL_ND, FERROUS_ND), NOT a manganese-specific spectral signature. Cannot distinguish manganese from other alteration sources (iron oxide, bauxite/laterite, exposed rock). No manganese ground-truth data exists in this project to validate this score. Not used in anomaly_score, mineralization_score, or rank_score."
CAND_0037,65.81363149102124,Chennai (tile 44PMV) is not a documented manganese belt; these are spectral-anomaly exploration targets only and require independent geological and ground-truth validation.,"Diagnostic only. Derived from generic iron-oxide/clay/hydroxyl alteration indices (FE_OXIDE_ND, CLAY_MINERAL_ND, FERROUS_ND), NOT a manganese-specific spectral signature. Cannot distinguish manganese from other alteration sources (iron oxide, bauxite/laterite, exposed rock). No manganese ground-truth data exists in this project to validate this score. Not used in anomaly_score, mineralization_score, or rank_score."
CAND_0038,38.84480524303465,Chennai (tile 44PMV) is not a documented manganese belt; these are spectral-anomaly exploration targets only and require independent geological and ground-truth validation.,"Diagnostic only. Derived from generic iron-oxide/clay/hydroxyl alteration indices (FE_OXIDE_ND, CLAY_MINERAL_ND, FERROUS_ND), NOT a manganese-specific spectral signature. Cannot distinguish manganese from other alteration sources (iron oxide, bauxite/laterite, exposed rock). No manganese ground-truth data exists in this project to validate this score. Not used in anomaly_score, mineralization_score, or rank_score."
CAND_0039,6.533672995422766,Chennai (tile 44PMV) is not a documented manganese belt; these are spectral-anomaly exploration targets only and require independent geological and ground-truth validation.,"Diagnostic only. Derived from generic iron-oxide/clay/hydroxyl alteration indices (FE_OXIDE_ND, CLAY_MINERAL_ND, FERROUS_ND), NOT a manganese-specific spectral signature. Cannot distinguish manganese from other alteration sources (iron oxide, bauxite/laterite, exposed rock). No manganese ground-truth data exists in this project to validate this score. Not used in anomaly_score, mineralization_score, or rank_score."
CAND_0040,64.47870626878313,Chennai (tile 44PMV) is not a documented manganese belt; these are spectral-anomaly exploration targets only and require independent geological and ground-truth validation.,"Diagnostic only. Derived from generic iron-oxide/clay/hydroxyl alteration indices (FE_OXIDE_ND, CLAY_MINERAL_ND, FERROUS_ND), NOT a manganese-specific spectral signature. Cannot distinguish manganese from other alteration sources (iron oxide, bauxite/laterite, exposed rock). No manganese ground-truth data exists in this project to validate this score. Not used in anomaly_score, mineralization_score, or rank_score."
CAND_0041,35.052983516855065,Chennai (tile 44PMV) is not a documented manganese belt; these are spectral-anomaly exploration targets only and require independent geological and ground-truth validation.,"Diagnostic only. Derived from generic iron-oxide/clay/hydroxyl alteration indices (FE_OXIDE_ND, CLAY_MINERAL_ND, FERROUS_ND), NOT a manganese-specific spectral signature. Cannot distinguish manganese from other alteration sources (iron oxide, bauxite/laterite, exposed rock). No manganese ground-truth data exists in this project to validate this score. Not used in anomaly_score, mineralization_score, or rank_score."
CAND_0042,66.95328426856805,Chennai (tile 44PMV) is not a documented manganese belt; these are spectral-anomaly exploration targets only and require independent geological and ground-truth validation.,"Diagnostic only. Derived from generic iron-oxide/clay/hydroxyl alteration indices (FE_OXIDE_ND, CLAY_MINERAL_ND, FERROUS_ND), NOT a manganese-specific spectral signature. Cannot distinguish manganese from other alteration sources (iron oxide, bauxite/laterite, exposed rock). No manganese ground-truth data exists in this project to validate this score. Not used in anomaly_score, mineralization_score, or rank_score."
CAND_0043,9.253408537889948,Chennai (tile 44PMV) is not a documented manganese belt; these are spectral-anomaly exploration targets only and require independent geological and ground-truth validation.,"Diagnostic only. Derived from generic iron-oxide/clay/hydroxyl alteration indices (FE_OXIDE_ND, CLAY_MINERAL_ND, FERROUS_ND), NOT a manganese-specific spectral signature. Cannot distinguish manganese from other alteration sources (iron oxide, bauxite/laterite, exposed rock). No manganese ground-truth data exists in this project to validate this score. Not used in anomaly_score, mineralization_score, or rank_score."
CAND_0044,39.41587875925784,Chennai (tile 44PMV) is not a documented manganese belt; these are spectral-anomaly exploration targets only and require independent geological and ground-truth validation.,"Diagnostic only. Derived from generic iron-oxide/clay/hydroxyl alteration indices (FE_OXIDE_ND, CLAY_MINERAL_ND, FERROUS_ND), NOT a manganese-specific spectral signature. Cannot distinguish manganese from other alteration sources (iron oxide, bauxite/laterite, exposed rock). No manganese ground-truth data exists in this project to validate this score. Not used in anomaly_score, mineralization_score, or rank_score."
CAND_0045,55.94652539206916,Chennai (tile 44PMV) is not a documented manganese belt; these are spectral-anomaly exploration targets only and require independent geological and ground-truth validation.,"Diagnostic only. Derived from generic iron-oxide/clay/hydroxyl alteration indices (FE_OXIDE_ND, CLAY_MINERAL_ND, FERROUS_ND), NOT a manganese-specific spectral signature. Cannot distinguish manganese from other alteration sources (iron oxide, bauxite/laterite, exposed rock). No manganese ground-truth data exists in this project to validate this score. Not used in anomaly_score, mineralization_score, or rank_score."
CAND_0046,38.763825100629326,Chennai (tile 44PMV) is not a documented manganese belt; these are spectral-anomaly exploration targets only and require independent geological and ground-truth validation.,"Diagnostic only. Derived from generic iron-oxide/clay/hydroxyl alteration indices (FE_OXIDE_ND, CLAY_MINERAL_ND, FERROUS_ND), NOT a manganese-specific spectral signature. Cannot distinguish manganese from other alteration sources (iron oxide, bauxite/laterite, exposed rock). No manganese ground-truth data exists in this project to validate this score. Not used in anomaly_score, mineralization_score, or rank_score."
CAND_0047,44.876966719988296,Chennai (tile 44PMV) is not a documented manganese belt; these are spectral-anomaly exploration targets only and require independent geological and ground-truth validation.,"Diagnostic only. Derived from generic iron-oxide/clay/hydroxyl alteration indices (FE_OXIDE_ND, CLAY_MINERAL_ND, FERROUS_ND), NOT a manganese-specific spectral signature. Cannot distinguish manganese from other alteration sources (iron oxide, bauxite/laterite, exposed rock). No manganese ground-truth data exists in this project to validate this score. Not used in anomaly_score, mineralization_score, or rank_score."
CAND_0048,38.71948279130403,Chennai (tile 44PMV) is not a documented manganese belt; these are spectral-anomaly exploration targets only and require independent geological and ground-truth validation.,"Diagnostic only. Derived from generic iron-oxide/clay/hydroxyl alteration indices (FE_OXIDE_ND, CLAY_MINERAL_ND, FERROUS_ND), NOT a manganese-specific spectral signature. Cannot distinguish manganese from other alteration sources (iron oxide, bauxite/laterite, exposed rock). No manganese ground-truth data exists in this project to validate this score. Not used in anomaly_score, mineralization_score, or rank_score."
CAND_0049,78.10526420810733,Chennai (tile 44PMV) is not a documented manganese belt; these are spectral-anomaly exploration targets only and require independent geological and ground-truth validation.,"Diagnostic only. Derived from generic iron-oxide/clay/hydroxyl alteration indices (FE_OXIDE_ND, CLAY_MINERAL_ND, FERROUS_ND), NOT a manganese-specific spectral signature. Cannot distinguish manganese from other alteration sources (iron oxide, bauxite/laterite, exposed rock). No manganese ground-truth data exists in this project to validate this score. Not used in anomaly_score, mineralization_score, or rank_score."
CAND_0050,38.34473484961861,Chennai (tile 44PMV) is not a documented manganese belt; these are spectral-anomaly exploration targets only and require independent geological and ground-truth validation.,"Diagnostic only. Derived from generic iron-oxide/clay/hydroxyl alteration indices (FE_OXIDE_ND, CLAY_MINERAL_ND, FERROUS_ND), NOT a manganese-specific spectral signature. Cannot distinguish manganese from other alteration sources (iron oxide, bauxite/laterite, exposed rock). No manganese ground-truth data exists in this project to validate this score. Not used in anomaly_score, mineralization_score, or rank_score."
CAND_0051,52.462716432040416,Chennai (tile 44PMV) is not a documented manganese belt; these are spectral-anomaly exploration targets only and require independent geological and ground-truth validation.,"Diagnostic only. Derived from generic iron-oxide/clay/hydroxyl alteration indices (FE_OXIDE_ND, CLAY_MINERAL_ND, FERROUS_ND), NOT a manganese-specific spectral signature. Cannot distinguish manganese from other alteration sources (iron oxide, bauxite/laterite, exposed rock). No manganese ground-truth data exists in this project to validate this score. Not used in anomaly_score, mineralization_score, or rank_score."
CAND_0052,42.50964168088392,Chennai (tile 44PMV) is not a documented manganese belt; these are spectral-anomaly exploration targets only and require independent geological and ground-truth validation.,"Diagnostic only. Derived from generic iron-oxide/clay/hydroxyl alteration indices (FE_OXIDE_ND, CLAY_MINERAL_ND, FERROUS_ND), NOT a manganese-specific spectral signature. Cannot distinguish manganese from other alteration sources (iron oxide, bauxite/laterite, exposed rock). No manganese ground-truth data exists in this project to validate this score. Not used in anomaly_score, mineralization_score, or rank_score."
CAND_0053,35.19997827226843,Chennai (tile 44PMV) is not a documented manganese belt; these are spectral-anomaly exploration targets only and require independent geological and ground-truth validation.,"Diagnostic only. Derived from generic iron-oxide/clay/hydroxyl alteration indices (FE_OXIDE_ND, CLAY_MINERAL_ND, FERROUS_ND), NOT a manganese-specific spectral signature. Cannot distinguish manganese from other alteration sources (iron oxide, bauxite/laterite, exposed rock). No manganese ground-truth data exists in this project to validate this score. Not used in anomaly_score, mineralization_score, or rank_score."
